"Status","Start Time","Stop Time","Duration in ms","Parent Suite","Suite","Sub Suite","Test Class","Test Method","Name","Description"
"passed","Tue Oct 18 15:06:08 UTC 2022","Tue Oct 18 15:06:09 UTC 2022","852","","Hover","","","","should trigger div with link to be displayed",""
"passed","Tue Oct 18 15:06:07 UTC 2022","Tue Oct 18 15:06:08 UTC 2022","656","","Hover","","","","should trigger text to be displayed",""
"passed","Tue Oct 18 15:05:58 UTC 2022","Tue Oct 18 15:06:00 UTC 2022","1198","","iFrame Example ","","","","should go to main page from iFrame",""
"passed","Tue Oct 18 15:06:22 UTC 2022","Tue Oct 18 15:06:24 UTC 2022","1647","","User agent page","","","","should redirect to mobile version after setting user agent",""
"passed","Tue Oct 18 15:05:47 UTC 2022","Tue Oct 18 15:05:48 UTC 2022","815","","JavaScript events","","","","Key Press trigger",""
"passed","Tue Oct 18 15:05:57 UTC 2022","Tue Oct 18 15:05:58 UTC 2022","971","","iFrame Example ","","","","should contain element inside iFrame",""
"passed","Tue Oct 18 15:05:13 UTC 2022","Tue Oct 18 15:05:14 UTC 2022","1755","","Cookies","","","","should set cookie",""
"passed","Tue Oct 18 15:05:09 UTC 2022","Tue Oct 18 15:05:09 UTC 2022","930","","Client server form page","","","","should handle form sended by HTTP-request",""
"passed","Tue Oct 18 15:05:46 UTC 2022","Tue Oct 18 15:05:46 UTC 2022","602","","JavaScript events","","","","Key down trigger",""
"passed","Tue Oct 18 15:05:18 UTC 2022","Tue Oct 18 15:05:24 UTC 2022","6921","","Dynamic button","","","","should appears and be clickable into loop",""
"passed","Tue Oct 18 15:05:53 UTC 2022","Tue Oct 18 15:05:54 UTC 2022","800","","Fake alerts","","","","Interaction with fake alert",""
"passed","Tue Oct 18 15:05:44 UTC 2022","Tue Oct 18 15:05:44 UTC 2022","651","","JavaScript events","","","","ContextMenu trigger",""
"passed","Tue Oct 18 15:06:27 UTC 2022","Tue Oct 18 15:06:31 UTC 2022","4252","","XHTTP messages page","","","","should make requests to /messageset01.json with changed body",""
"passed","Tue Oct 18 15:06:12 UTC 2022","Tue Oct 18 15:06:14 UTC 2022","1953","","HTML5 form page","","","","should correctly handle form",""
"passed","Tue Oct 18 15:05:04 UTC 2022","Tue Oct 18 15:05:04 UTC 2022","732","","Alerts page","","","","should trigger a cancellable alert",""
"passed","Tue Oct 18 15:05:54 UTC 2022","Tue Oct 18 15:05:55 UTC 2022","718","","Fake alerts","","","","Interaction with modal dialog",""
"passed","Tue Oct 18 15:05:48 UTC 2022","Tue Oct 18 15:05:49 UTC 2022","601","","JavaScript events","","","","Mouse Leave trigger",""
"passed","Tue Oct 18 15:05:48 UTC 2022","Tue Oct 18 15:05:48 UTC 2022","608","","JavaScript events","","","","Mouse Over trigger",""
"passed","Tue Oct 18 15:05:43 UTC 2022","Tue Oct 18 15:05:44 UTC 2022","661","","JavaScript events","","","","Click trigger",""
"passed","Tue Oct 18 15:05:04 UTC 2022","Tue Oct 18 15:05:05 UTC 2022","730","","Alerts page","","","","should trigger prompt and handle the answer",""
"passed","Tue Oct 18 15:05:28 UTC 2022","Tue Oct 18 15:05:39 UTC 2022","11902","","Dynamic enabled button","","","","should become enable",""
"passed","Tue Oct 18 15:06:18 UTC 2022","Tue Oct 18 15:06:19 UTC 2022","1235","","Uploading file","","","","should upload correct file",""
"passed","Tue Oct 18 15:06:03 UTC 2022","Tue Oct 18 15:06:04 UTC 2022","1329","","Handled download file","","","","button should trigger download file",""
"passed","Tue Oct 18 15:05:46 UTC 2022","Tue Oct 18 15:05:47 UTC 2022","603","","JavaScript events","","","","Key Up trigger",""
"passed","Tue Oct 18 15:05:44 UTC 2022","Tue Oct 18 15:05:45 UTC 2022","671","","JavaScript events","","","","Double click trigger",""
"passed","Tue Oct 18 15:05:49 UTC 2022","Tue Oct 18 15:05:50 UTC 2022","597","","JavaScript events","","","","Mouse Down trigger",""
"passed","Tue Oct 18 15:06:33 UTC 2022","Tue Oct 18 15:06:36 UTC 2022","2560","","XHTTP messages page","","","","should make request to all resource with custom general header",""
"passed","Tue Oct 18 15:05:45 UTC 2022","Tue Oct 18 15:05:46 UTC 2022","585","","JavaScript events","","","","Focus trigger",""
"passed","Tue Oct 18 15:05:42 UTC 2022","Tue Oct 18 15:05:43 UTC 2022","642","","JavaScript events","","","","Blur trigger",""
"passed","Tue Oct 18 15:06:31 UTC 2022","Tue Oct 18 15:06:33 UTC 2022","2011","","XHTTP messages page","","","","should make requests to /messageset03.json with custom header",""
"passed","Tue Oct 18 15:05:02 UTC 2022","Tue Oct 18 15:05:04 UTC 2022","1268","","Alerts page","","","","should trigger alert with text",""
